{"eval/episode_len":50,"_runtime":6149.569866991,"losses/explained_variance":0.8950557187199593,"time/update_time":0.1650027222931385,"losses/approx_kl":0.22561152279376984,"time/total_eval_time":157.53170517459512,"time/rollout_time":3.967117842286825,"train/return":22.108928680419922,"charts/SPS":5340,"_timestamp":1.753316103964395e+09,"time/step":32819200,"eval/success_at_end":0,"eval/success_once":0,"time/total_rollout_time":4967.78748220019,"losses/clipfrac":0.2368382290005684,"time/total_rollout+update_time":5982.026810355019,"train/reward":0.44217854738235474,"train/success_once":0,"eval/return":22.162078857421875,"train/episode_len":50,"_step":32841216,"eval/reward":0.44324159622192383,"losses/policy_loss":0.06672512739896774,"time/total_update_time":1014.2393281548284,"time/eval_time":2.4404926830902696,"time/rollout_fps":6453.04753166672,"_wandb":{"runtime":6149},"losses/value_loss":0.00769861601293087,"losses/old_approx_kl":0.2320949286222458,"losses/entropy":-4.1162919998168945,"charts/learning_rate":0.0003}