{"_step":1561600,"train/episode_len":50,"losses/clipfrac":0.29533202421225724,"time/step":1561600,"charts/learning_rate":0.0003,"_runtime":270.169521582,"time/total_eval_time":9.242441604379565,"time/total_rollout_time":181.18933822447434,"time/rollout_time":2.9744702908210456,"time/update_time":1.2832782971672714,"time/total_rollout+update_time":256.9376056198962,"losses/explained_variance":0.902082733809948,"eval/return":20.23954963684082,"losses/value_loss":0.018707169219851494,"train/reward":0.3947153687477112,"_timestamp":1.7533066809935145e+09,"eval/success_once":0,"eval/success_at_end":0,"time/total_update_time":75.74826739542186,"losses/entropy":3.2559456825256348,"time/eval_time":2.3721914519555867,"time/rollout_fps":8606.574447557723,"eval/reward":0.404790997505188,"losses/policy_loss":-0.029712824150919914,"losses/old_approx_kl":0.0644100084900856,"_wandb":{"runtime":270},"eval/episode_len":50,"train/return":19.735769271850586,"charts/SPS":5845,"train/success_once":0,"losses/approx_kl":0.057274531573057175}