{"eval/episode_len":50,"_step":1203200,"train/episode_len":50,"eval/success_at_end":0,"time/update_time":1.2628893377259374,"time/step":1177600,"time/total_rollout+update_time":215.9252213127911,"losses/clipfrac":0.3017871023985208,"time/rollout_fps":7259.150376287988,"losses/old_approx_kl":0.0438012070953846,"eval/reward":0.4153284728527069,"charts/learning_rate":0.0003,"time/eval_time":2.421019925735891,"eval/success_once":0,"train/success_once":0,"losses/policy_loss":-0.01304714847356081,"losses/entropy":3.600449800491333,"losses/approx_kl":0.03213697671890259,"losses/value_loss":0.017602741718292236,"eval/return":20.766422271728516,"time/total_eval_time":7.015542570501566,"losses/explained_variance":0.8759123310446739,"train/return":19.10650062561035,"charts/SPS":5261,"_runtime":229.327485983,"_timestamp":1.753309819870137e+09,"time/total_update_time":58.77571174129844,"_wandb":{"runtime":229},"time/total_rollout_time":157.14950957149267,"time/rollout_time":3.5265835081227124,"train/reward":0.3821299970149994}