{"time/update_time":1.280763556715101,"losses/approx_kl":0.06645824015140533,"eval/reward":0.43425554037094116,"_step":2599424,"train/episode_len":50,"eval/return":21.712778091430664,"time/rollout_fps":5781.6116742618915,"time/total_eval_time":12.905030881986022,"time/rollout_time":4.427831103559583,"train/return":22.756637573242188,"losses/value_loss":0.003662857925519347,"eval/success_once":0.125,"losses/policy_loss":0.007808604743331671,"time/step":2585600,"losses/entropy":3.4290380477905273,"eval/success_at_end":0,"_runtime":500.163599019,"losses/clipfrac":0.3983788965852,"time/total_rollout+update_time":482.77183102816343,"train/reward":0.45513278245925903,"_timestamp":1.7533040029074137e+09,"eval/episode_len":50,"losses/explained_variance":0.9528793729841709,"time/eval_time":2.1718075326643884,"time/total_update_time":128.29060148168355,"losses/old_approx_kl":0.09335111081600189,"charts/SPS":5203,"time/total_rollout_time":354.4812295464799,"_wandb":{"runtime":500},"charts/learning_rate":0.0003,"train/success_once":0}