{"losses/old_approx_kl":5.066019058227539,"charts/SPS":5159,"_runtime":1174.530434791,"time/total_update_time":273.97870835568756,"train/episode_len":50,"eval/episode_len":50,"time/update_time":0.33299622405320406,"time/total_rollout+update_time":1140.34624965908,"eval/success_at_end":0,"time/rollout_fps":6609.228362762628,"time/eval_time":2.4088224112056196,"time/rollout_time":3.873371987603605,"time/total_rollout_time":866.3675413033925,"_timestamp":1.753309498062689e+09,"_step":6056960,"time/total_eval_time":28.85858841240406,"losses/value_loss":0.011968161910772324,"losses/policy_loss":0.015427274629473686,"eval/reward":0.4544915556907654,"losses/clipfrac":0.2692647009594914,"eval/success_once":0,"eval/return":22.724578857421875,"losses/approx_kl":5.0611186027526855,"train/success_once":0,"time/step":6041600,"losses/entropy":-0.4847823679447174,"charts/learning_rate":0.0003,"losses/explained_variance":0.9012615457177162,"train/reward":0.42325499653816223,"_wandb":{"runtime":1174},"train/return":21.162750244140625}