env.step/dt,env.step/fps,env.step/psps,env.step/total_steps,env_id,obs_mode,num_envs,control_mode,sensor_settings,gpu_type
3.2414278984069824,61.70120276261308,30.85060138130654,100,ReplicaCAD_SceneManipulation-v1,state,2,pd_joint_delta_pos,128x128_128x128,NVIDIA GeForce RTX 4090
2.611290693283081,306.3619083305463,38.29523854131829,100,ReplicaCAD_SceneManipulation-v1,state,8,pd_joint_delta_pos,128x128_128x128,NVIDIA GeForce RTX 4090
2.889768123626709,2214.7105671467816,34.60485261166846,100,ReplicaCAD_SceneManipulation-v1,state,64,pd_joint_delta_pos,128x128_128x128,NVIDIA GeForce RTX 4090
6.904705286026001,14830.466436741468,14.48287737963034,100,ReplicaCAD_SceneManipulation-v1,state,1024,pd_joint_delta_pos,128x128_128x128,NVIDIA GeForce RTX 4090
0.7225360870361328,141723.02510183016,138.40139170100602,100,PickCube-v1,state,1024,pd_joint_delta_pos,128x128,NVIDIA GeForce RTX 4090
1.4714243412017822,69592.43308178867,67.96136043143424,100,PickCube-v1,state,1024,pd_ee_delta_pose,128x128,NVIDIA GeForce RTX 4090
6.916746377944946,59218.59464242744,14.457664707623886,100,PickCube-v1,state,4096,pd_ee_delta_pose,128x128,NVIDIA GeForce RTX 4090
1.4161109924316406,289242.8645700047,70.6159337329113,100,PickCube-v1,state,4096,pd_joint_delta_pos,128x128,NVIDIA GeForce RTX 4090
