{"time/update_time":0.6828198209404945,"eval/reward":0.43651360273361206,"eval/episode_len":50,"losses/policy_loss":-0.015990328043699265,"time/total_rollout+update_time":808.4334620465524,"losses/approx_kl":0.296697199344635,"train/success_once":0,"train/reward":0.44168418645858765,"losses/old_approx_kl":0.03926808387041092,"time/step":4531200,"charts/learning_rate":0.0003,"train/return":22.084209442138672,"time/total_update_time":214.12034987425432,"charts/SPS":5451,"losses/entropy":0.6938649415969849,"time/total_eval_time":21.27302129380405,"time/rollout_time":3.9862234364263713,"_runtime":835.265757075,"losses/value_loss":0.007807055022567511,"losses/explained_variance":0.8934968709945679,"_timestamp":1.753305245794803e+09,"eval/return":21.825679779052734,"eval/success_once":0,"losses/clipfrac":0.2813586900145679,"time/total_rollout_time":594.3131121722981,"eval/success_at_end":0,"time/rollout_fps":6422.118681573522,"_wandb":{"runtime":835},"_step":4554240,"train/episode_len":50,"time/eval_time":2.3832980138249695}