{"losses/entropy":3.9633805751800537,"time/rollout_fps":8579.054144918755,"time/step":1075200,"losses/policy_loss":-0.011744922958314419,"losses/explained_variance":0.9057063311338425,"time/total_rollout+update_time":176.9463450065814,"time/total_update_time":51.95360111491755,"eval/episode_len":50,"eval/success_once":0,"charts/SPS":5818,"_timestamp":1.7533059476286204e+09,"eval/return":19.654518127441406,"_runtime":188.398625361,"_wandb":{"runtime":188},"train/reward":0.36927154660224915,"time/total_eval_time":6.973565510939807,"losses/old_approx_kl":0.0195140540599823,"eval/success_at_end":0,"train/episode_len":50,"time/update_time":1.2728812410496175,"losses/value_loss":0.019864754751324654,"eval/reward":0.3930903971195221,"train/return":18.463579177856445,"losses/clipfrac":0.3183691339654615,"losses/approx_kl":0.03496168181300163,"_step":1100800,"time/eval_time":2.471732550766319,"charts/learning_rate":0.0003,"train/success_once":0,"time/total_rollout_time":124.99274389166385,"time/rollout_time":2.98401193972677}