{"time/total_rollout_time":506.354271363467,"charts/SPS":5919,"time/rollout_fps":8703.600760705882,"losses/policy_loss":-0.027622321620583534,"losses/old_approx_kl":0.059468649327754974,"time/update_time":1.27617041580379,"eval/return":22.03594398498535,"losses/explained_variance":0.8968474641442299,"_step":4377600,"train/return":21.486268997192383,"_wandb":{"runtime":741},"eval/reward":0.4407188892364502,"train/episode_len":50,"losses/approx_kl":0.04075130447745323,"time/total_rollout+update_time":716.7069136928767,"losses/clipfrac":0.29176757067398285,"time/total_eval_time":21.367223052307963,"losses/value_loss":0.006818416994065046,"losses/entropy":0.6451417207717896,"eval/episode_len":50,"eval/success_at_end":0,"eval/success_once":0,"time/eval_time":2.369743369985372,"charts/learning_rate":0.0003,"time/rollout_time":2.941311384085566,"_timestamp":1.7533074758186953e+09,"_runtime":741.345741649,"time/total_update_time":210.35264232940972,"train/reward":0.4297253489494324,"time/step":4377600,"train/success_once":0}