{"time/total_eval_time":14.192961827851832,"time/total_rollout+update_time":454.3723776587285,"train/success_once":0,"train/return":19.479053497314453,"eval/episode_len":50,"eval/success_at_end":0,"time/total_rollout_time":320.32067448832095,"eval/return":20.59276580810547,"train/reward":0.3895810842514038,"_timestamp":1.75330574120662e+09,"charts/SPS":5886,"charts/learning_rate":0.0003,"time/rollout_time":2.9636937440373003,"losses/approx_kl":0.059830449521541595,"time/step":2764800,"losses/explained_variance":0.8674892783164978,"_wandb":{"runtime":473},"losses/policy_loss":-0.013971416279673576,"train/episode_len":50,"time/rollout_fps":8637.869567834066,"time/total_update_time":134.05170317040756,"_step":2785280,"time/update_time":1.2763410708867013,"losses/value_loss":0.01205222774296999,"time/eval_time":2.467149034142494,"losses/entropy":1.8517866134643555,"eval/reward":0.4118552803993225,"losses/old_approx_kl":0.054583389312028885,"losses/clipfrac":0.31502928971895017,"_runtime":473.232559077,"eval/success_once":0}