{"_wandb":{"runtime":4814},"time/total_rollout+update_time":4687.797596855089,"charts/learning_rate":0.0003,"time/total_eval_time":117.75727244373411,"losses/policy_loss":-0.00421402370557189,"eval/return":21.705080032348633,"eval/reward":0.4341016113758087,"train/success_once":0,"time/rollout_time":4.4359992309473455,"losses/explained_variance":0.8828442022204399,"charts/SPS":4943,"losses/value_loss":0.00690122926607728,"eval/episode_len":50,"losses/approx_kl":0.2202092558145523,"_runtime":4814.155961598,"_step":23800320,"train/return":22.338634490966797,"time/update_time":0.9327116711065173,"time/total_update_time":882.1080772830173,"losses/old_approx_kl":0.02170606516301632,"time/eval_time":2.4671753998845816,"eval/success_at_end":0,"losses/clipfrac":0.29742104540530007,"_timestamp":1.753294691787241e+09,"train/episode_len":50.000003814697266,"losses/entropy":-3.870854616165161,"time/rollout_fps":5770.965833673714,"eval/success_once":0,"time/total_rollout_time":3805.6895195720717,"train/reward":0.4467726945877075,"time/step":23782400}